Clause,Assignment
256,False
-36736,True
-178555,True
-68218,True
-238166,True
-107734,True
-100886,True
-173582,True
-138701,True
-70381,True
-166827,True
-20490,True
-34817,True
-126847,True
-261982,True
-96222,True
-81375,True
-79547,True
-44698,True
-93903,True
-32717,True
-119821,True
-21284,True
255,False
-239743,True
-251068,True
-7413,True
-68277,True
-179409,True
-212002,True
-119624,True
-7046,True
254,False
-35296,True
-230876,True
-199188,True
-179561,True
253,False
-63862,True
-142290,True
-255405,True
-70218,True
252,False
-43872,True
-131549,True
-94780,True
-225500,True
-169144,True
-172374,True
-221716,True
-143309,True
-148970,True
251,False
-89792,True
-88094,True
-242078,True
-200028,True
-87001,True
-46421,True
-12723,True
-146027,True
250,False
-54117,True
-20765,True
-230299,True
-16706,True
-234033,True
-219274,True
249,False
-76964,True
-144738,True
-125569,True
-228286,True
-132414,True
-193212,True
-168892,True
-117822,True
-237275,True
-235094,True
-83474,True
-122449,True
-135119,True
-39757,True
-133705,True
248,False
-173688,True
-193972,True
-125650,True
247,False
-39268,True
-80157,True
-43767,True
-45142,True
-261617,True
-63758,True
246,False
-231941,True
-63941,True
-203675,True
-204440,True
-50130,True
-9169,True
-83888,True
245,False
-246695,True
-151232,True
-35863,True
-164501,True
-57458,True
-67919,True
-10094,True
-24845,True
244,False
-249166,True
-182275,True
-217880,True
-29621,True
-181106,True
-226799,True
-245677,True
243,False
-76521,True
-152231,True
-199906,True
-235647,True
-234013,True
-114492,True
-59099,True
-39580,True
-167068,True
-127447,True
-138868,True
-239092,True
242,False
-29579,True
-256327,True
-256101,True
-133695,True
-136539,True
-167730,True
-212210,True
241,False
-72591,True
-208908,True
-69398,True
-140691,True
-234579,True
-212561,True
240,False
-229035,True
-161319,True
-149766,True
-5024,True
239,False
-220192,True
-223098,True
-39892,True
238,False
-217650,True
-96972,True
-8650,True
-193222,True
-165785,True
-142711,True
-177556,True
237,False
-146540,True
-7115,True
-50154,True
-251233,True
-135165,True
236,False
-57043,True
-164403,True
-89520,True
-183627,True
-198506,True
-70987,True
-54983,True
-108543,True
-65558,True
235,False
-49749,True
-13782,True
-46646,True
-64432,True
-14574,True
-103661,True
-136555,True
-15499,True
-222632,True
-71333,True
-206181,True
-197763,True
-56738,True
-73440,True
-79044,True
-9465,True
-182744,True
-171140,True
234,False
-25572,True
-42443,True
-648,True
-156100,True
-92706,True
-75484,True
-12696,True
233,False
-99317,True
-243731,True
-23527,True
-175835,True
-115193,True
232,False
-212824,True
-28914,True
-126352,True
-40910,True
-57707,True
-44602,True
231,False
-17784,True
-196375,True
-34708,True
-45395,True
-249588,True
-173803,True
-134985,True
-165478,True
-234849,True
-28863,True
-126266,True
230,False
-107795,True
-32170,True
229,False
-242040,True
-97207,True
-29653,True
-236788,True
-206193,True
-124393,True
-24163,True
-101565,True
228,False
-78456,True
-205111,True
-172278,True
-116917,True
-211920,True
-185168,True
-134848,True
-256416,True
227,False
-201543,True
-94487,True
-84567,True
-180787,True
-228334,True
-180651,True
-175945,True
-157415,True
-2595,True
226,False
-122622,True
-93982,True
-199001,True
-15435,True
-62634,True
-170501,True
-227746,True
-61312,True
225,False
-126112,True
-180829,True
-157851,True
-130229,True
-115220,True
-8053,True
-143697,True
-151216,True
-250383,True
-256657,True
-116557,True
-114536,True
-178082,True
-216193,True
224,False
-253984,True
-172735,True
-150285,True
-247241,True
-258887,True
-238661,True
-13432,True
-196971,True
-57578,True
-30823,True
223,False
-213432,True
-239861,True
-34803,True
-66386,True
-105768,True
-25482,True
-177032,True
222,False
-198591,True
-84695,True
-5142,True
-87382,True
-105172,True
-146190,True
-99754,True
-139015,True
-212294,True
221,False
-248385,True
-195039,True
-28287,True
-94938,True
-13242,True
-130264,True
-207575,True
-94744,True
-154483,True
-136338,True
-41235,True
-63786,True
220,False
-124802,True
-64767,True
-180156,True
-52438,True
-45876,True
-236809,True
219,False
-22139,True
-115673,True
-232214,True
-241494,True
-60434,True
-75214,True
-154284,True
218,False
-234980,True
-147586,True
-259675,True
-232793,True
-173461,True
-83893,True
-77555,True
-220459,True
217,False
-222049,True
-122016,True
-117115,True
-227346,True
-159976,True
-155215,True
-34668,True
-109355,True
-221770,True
216,False
-110910,True
-204804,True
215,False
-104082,True
-77197,True
214,False
-247622,True
-12545,True
-124539,True
-73274,True
-217978,True
-31576,True
-118259,True
-261679,True
-240942,True
213,False
-252875,True
-177895,True
-174726,True
-86464,True
-2868,True
-122861,True
212,False
-30956,True
-191751,True
-63518,True
-132574,True
-242556,True
-24539,True
-5172,True
-84718,True
211,False
-134979,True
-16739,True
-68510,True
-102458,True
-212790,True
-19925,True
-114866,True
210,False
-251755,True
-73160,True
-108965,True
-32828,True
-39414,True
209,False
-125966,True
-2255,True
-205804,True
-21995,True
-24367,True
-54817,True
-242304,True
-71145,True
-37671,True
-120730,True
-101529,True
-180949,True
-13780,True
-250835,True
208,False
-247021,True
-104041,True
-118663,True
-39652,True
-30018,True
207,False
-217578,True
-145410,True
-170369,True
-224735,True
-249468,True
-161499,True
-2984,True
-121942,True
-126613,True
206,False
-71752,True
-249256,True
-88263,True
-64197,True
-144001,True
-127389,True
-192794,True
-95384,True
-145079,True
-225203,True
205,False
-61712,True
-151081,True
-211138,True
-101504,True
-194687,True
-170431,True
-218650,True
-198743,True
204,False
-197331,True
-151952,True
-120008,True
-65772,True
-53548,True
-164484,True
-29316,True
-67009,True
-195614,True
-95485,True
-89724,True
-99576,True
-247511,True
-162934,True
203,False
-51090,True
-67499,True
-170283,True
-96615,True
-72599,True
202,False
-31694,True
-8217,True
-96093,True
201,False
-175316,True
-71539,True
-2637,True
-91016,True
-177217,True
-257567,True
-115707,True
200,False
-110839,True
-214389,True
-156370,True
-136433,True
-149135,True
-38755,True
-58472,True
-196230,True
-32997,True
-153539,True
199,False
-98103,True
-40563,True
-53765,True
-134945,True
-108734,True
198,False
-115929,True
-214903,True
-238566,True
-145408,True
-38528,True
197,False
-181754,True
-240472,True
-125367,True
-169363,True
-138536,True
-12016,True
-104493,True
-156205,True
-107787,True
-159688,True
-44166,True
-249508,True
-163811,True
-108130,True
196,False
-185204,True
-38193,True
-174609,True
-178637,True
-99307,True
-245418,True
-129225,True
-145927,True
-112515,True
195,False
-147037,True
-53786,True
-155289,True
-57334,True
-5425,True
-242063,True
-61166,True
-43619,True
-147394,True
194,False
-1109,True
-115796,True
-127474,True
-92496,True
193,False
-252031,True
-133919,True
-20666,True
-79256,True
-40568,True
-151406,True
-220483,True
-133666,True
-4833,True
192,False
-228415,True
-112254,True
-148383,True
-79353,True
-135736,True
-117942,True
-174736,True
-116781,True
-204553,True
-24578,True
-19904,True
191,False
-218783,True
-152221,True
-94805,True
-9425,True
-30097,True
-11311,True
-106881,True
-154859,True
-129577,True
-44932,True
-167105,True
-26437,True
-135979,True
190,False
-50705,True
-39327,True
-4541,True
-34013,True
-14169,True
-258193,True
-221737,True
-77480,True
-70409,True
189,False
-65506,True
-217635,True
-241787,True
-94554,True
-6041,True
-93560,True
-16307,True
-31506,True
-184528,True
-36974,True
-65677,True
-203815,True
188,False
-96259,True
-166785,True
-155549,True
-40986,True
-172536,True
-258840,True
-161859,True
-100271,True
187,False
-37572,True
-43333,True
-14367,True
-214878,True
-41115,True
-165977,True
-41817,True
-72532,True
-53197,True
186,False
-63333,True
-1348,True
-11811,True
-202783,True
-210365,True
-70228,True
-60691,True
-138482,True
-132076,True
185,False
-114243,True
-184956,True
-122715,True
-43321,True
184,False
-183335,True
-245181,True
-135056,True
-89007,True
183,False
-161157,True
-139553,True
-195382,True
-224719,True
182,False
-219017,True
-164097,True
-225050,True
-227216,True
-217933,True
181,False
-134826,True
-128646,True
-66852,True
-113347,True
-38658,True
-191870,True
-22812,True
-216027,True
-208272,True
-22192,True
-66156,True
180,False
-75242,True
-235720,True
-7495,True
-117862,True
-152354,True
-61144,True
-60977,True
179,False
-32685,True
-210507,True
-145802,True
-219105,True
-221503,True
-106043,True
-199195,True
-187220,True
-7568,True
178,False
-153838,True
-167948,True
-235687,True
-199683,True
-94873,True
-50103,True
-41587,True
-221840,True
177,False
-105070,True
-85128,True
-70443,True
-57260,True
-27080,True
-84484,True
-195555,True
-218302,True
-192473,True
-66840,True
-109144,True
176,False
-41648,True
-151497,True
-131394,True
-254881,True
-156509,True
-154491,True
-219354,True
-145302,True
175,False
-243376,True
-55915,True
-240746,True
-121415,True
-50113,True
-239320,True
-139896,True
-57109,True
-202772,True
174,False
-132718,True
-193449,True
-180933,True
-99044,True
-187107,True
-217250,True
-165473,True
-138878,True
-225470,True
-99605,True
-201269,True
173,False
-249747,True
-255985,True
-122740,True
-160559,True
-218479,True
-253549,True
-39112,True
-212612,True
-136225,True
-162650,True
172,False
-255683,True
-26928,True
-114277,True
-167782,True
-247877,True
-6179,True
-184032,True
-192191,True
-95038,True
-252445,True
-218428,True
-42646,True
171,False
-235122,True
-83537,True
-196078,True
-154061,True
-160105,True
-177702,True
-177855,True
-191006,True
-238555,True
-93242,True
-120088,True
170,False
-56212,True
-8978,True
-211140,True
-95234,True
-22176,True
-5885,True
-167067,True
169,False
-121974,True
-153203,True
-194672,True
-85583,True
-148814,True
-238444,True
-136841,True
-158659,True
168,False
-96893,True
-99268,True
-172619,True
-155230,True
-35771,True
-256314,True
167,False
-225560,True
-231852,True
-197899,True
-25194,True
-27875,True
-57533,True
-156092,True
166,False
-113295,True
-164524,True
-218883,True
-93697,True
-208348,True
165,False
-124057,True
-261525,True
-144879,True
-168939,True
-69346,True
-236926,True
164,False
-14780,True
-60060,True
-42201,True
-33903,True
-256044,True
-182377,True
-246983,True
-212164,True
-215554,True
-129013,True
-60522,True
-103390,True
163,False
-69339,True
-256986,True
-214361,True
-64715,True
-137798,True
-255941,True
-234306,True
-169400,True
-1974,True
-116514,True
-214551,True
-104722,True
-120721,True
-127366,True
-234243,True
162,False
-95550,True
-189948,True
-31355,True
-75830,True
-156181,True
-185589,True
-226099,True
-159347,True
-200811,True
161,False
-201469,True
-25782,True
-261589,True
-250870,True
-185935,True
-258402,True
160,False
-73785,True
-86297,True
-96597,True
-237716,True
-247119,True
-172142,True
-117003,True
-3336,True
-159261,True
-260012,True
-65259,True
-255016,True
-73447,True
159,False
-68127,True
-206195,True
-52975,True
158,False
-223170,True
-157921,True
-191935,True
-77887,True
-136415,True
-177310,True
-60570,True
-164377,True
-49493,True
-227060,True
-154512,True
-120779,True
-170406,True
157,False
-79073,True
156,False
-133564,True
-67065,True
-142048,True
-241533,True
-227292,True
-57423,True
-240526,True
-247532,True
-54924,True
-254986,True
-186508,True
-13831,True
155,False
-198145,True
-174297,True
-204823,True
-94160,True
-115784,True
-33575,True
154,False
-45029,True
-147103,True
-103934,True
-191094,True
-108821,True
-97524,True
-64817,True
-2379,True
-230986,True
153,False
-203038,True
-207933,True
-84187,True
-126614,True
-250196,True
-83336,True
-184626,True
-242705,True
-62608,True
-162032,True
-175882,True
152,False
-58110,True
-250844,True
-35534,True
-226862,True
-97645,True
-186987,True
151,False
-189512,True
-163078,True
-243067,True
-10425,True
-207320,True
-96953,True
-211667,True
-79279,True
-239406,True
150,False
-77870,True
-202878,True
149,False
-151222,True
-244094,True
-103737,True
-176951,True
-77841,True
-215183,True
148,False
-232999,True
-108453,True
-102660,True
-40223,True
-25913,True
-63793,True
-56431,True
-91694,True
147,False
-131946,True
-157943,True
-885,True
-223444,True
-139442,True
-153745,True
146,False
-68233,True
-2566,True
-35644,True
-206329,True
-258128,True
145,False
-170702,True
-122125,True
-106376,True
-18050,True
-64091,True
-162327,True
-34068,True
-55122,True
-62737,True
144,False
-106477,True
-246344,True
-198757,True
-184213,True
143,False
-12271,True
-17263,True
-250218,True
-174567,True
-226743,True
-201556,True
142,False
-209808,True
-56462,True
-182156,True
-1580,True
-211812,True
-92291,True
-119388,True
-213722,True
-5110,True
141,False
-17456,True
-217737,True
-77280,True
-14783,True
-158655,True
-99518,True
-38203,True
-10840,True
140,False
-191347,True
-36625,True
-124176,True
-215376,True
-12555,True
-30698,True
-144233,True
-157419,True
-86850,True
-210013,True
-47036,True
-234808,True
-198455,True
139,False
-243089,True
-167723,True
-65287,True
-217346,True
-124895,True
-163549,True
-97048,True
138,False
-200017,True
-34348,True
-172780,True
-193898,True
-144583,True
-201026,True
-13441,True
-239551,True
137,False
-117845,True
-153640,True
-214696,True
-17158,True
-88260,True
-53347,True
-74497,True
-142526,True
-205629,True
136,False
-58324,True
-189102,True
-10441,True
-113992,True
-70919,True
-6274,True
-144058,True
-258490,True
135,False
-206007,True
-110101,True
-113810,True
-243250,True
-229776,True
-8362,True
-190663,True
-209957,True
134,False
-147441,True
-255633,True
-257606,True
-165509,True
-146463,True
-103557,True
133,False
-259990,True
-253928,True
-17093,True
-185635,True
-115263,True
132,False
-241559,True
-43508,True
-56269,True
-106827,True
131,False
-27964,True
-168092,True
-144149,True
-64980,True
-92980,True
-133164,True
-209483,True
-152803,True
-77536,True
-77023,True
130,False
-122429,True
-261756,True
-141754,True
-178420,True
-255020,True
-245514,True
-116546,True
129,False
-7421,True
-669,True
-230041,True
-83664,True
-258672,True
-188720,True
-96141,True
-226666,True
-24482,True
128,False
-22204,True
-41850,True
-261592,True
-259859,True
-199219,True
-190066,True
-158896,True
-240651,True
-71498,True
-240167,True
-180411,True
-240280,True
-88919,True
-126807,True
-104019,True
-142864,True
-60936,True
127,False
-178729,True
-217148,True
-183353,True
-35800,True
-254068,True
-150355,True
-90443,True
-53482,True
-95882,True
-42595,True
126,False
-259224,True
-220180,True
125,False
-170474,True
-19129,True
-120595,True
-4688,True
124,False
-243651,True
-179206,True
-171579,True
-139736,True
-185007,True
-235597,True
-233133,True
-144200,True
-69029,True
-16454,True
123,False
-119617,True
-86335,True
-166398,True
-206079,True
-154207,True
-119613,True
-114168,True
-119252,True
-246035,True
-169396,True
-111820,True
122,False
-231013,True
-60356,True
-1285,True
-207648,True
-47131,True
-102329,True
-244717,True
-213676,True
121,False
-175354,True
-152025,True
-203717,True
-23094,True
120,False
-118760,True
-127621,True
-31806,True
-96891,True
-121434,True
-68788,True
-51282,True
-124751,True
-94190,True
-91885,True
-8683,True
119,False
-156128,True
-199037,True
-128401,True
118,False
-253220,True
-176195,True
-141693,True
-9756,True
-261400,True
-261252,True
-26390,True
-1302,True
-57432,True
-188594,True
-127248,True
117,False
-185831,True
-254244,True
-173985,True
-51833,True
-260440,True
-150000,True
-3503,True
116,False
-211047,True
-17125,True
-211519,True
-113214,True
-42238,True
-236667,True
-114936,True
-44696,True
-132933,True
-167058,True
115,False
-180460,True
-145414,True
-233253,True
-117795,True
-182336,True
-260607,True
-199667,True
-121585,True
114,False
-123053,True
-157067,True
-199945,True
-96160,True
-185819,True
-243258,True
-204089,True
-87383,True
-14643,True
113,False
-234091,True
-156260,True
112,False
-154252,True
-166604,True
-235658,True
-23974,True
111,False
-82125,True
-60365,True
-261419,True
-124714,True
-195108,True
-120257,True
-253119,True
-72507,True
-140567,True
110,False
-247632,True
-202156,True
-3590,True
-212292,True
-55742,True
-243961,True
-152532,True
109,False
-215505,True
-2033,True
-135310,True
-123084,True
-171753,True
-134367,True
-132152,True
-198839,True
108,False
-95827,True
-170915,True
-193120,True
-2748,True
-211418,True
-195449,True
-151446,True
107,False
-21587,True
-183059,True
-45260,True
-248267,True
-2857,True
-161477,True
-129987,True
-102114,True
-9056,True
-173051,True
-78779,True
-53529,True
106,False
-38806,True
-151219,True
-131025,True
-100848,True
-82672,True
-182764,True
-124268,True
-187208,True
105,False
-87542,True
-176757,True
-163282,True
-235310,True
-233706,True
-246890,True
-184583,True
-133955,True
104,False
-194998,True
-117745,True
-211856,True
-201039,True
-115913,True
-260641,True
-188895,True
-117630,True
-179870,True
-226810,True
103,False
-168855,True
-56944,True
-1869,True
-239212,True
-67339,True
-200291,True
102,False
-261073,True
-127889,True
-92268,True
-244704,True
101,False
-153946,True
-165171,True
-240560,True
-238603,True
-44205,True
100,False
-259564,True
-206914,True
99,False
-223421,True
-49533,True
-255226,True
-105882,True
-233622,True
-166837,True
-257685,True
-204010,True
-161637,True
-135107,True
98,False
-88692,True
-43277,True
-254408,True
-206213,True
97,False
-3291,True
-161530,True
-95283,True
-95689,True
-239496,True
96,False
-17984,True
-37979,True
-207476,True
-71912,True
-19847,True
-196036,True
-222487,True
-236240,True
-246829,True
-37894,True
-204801,True
-204836,True
95,False
-153789,True
-128829,True
-154428,True
-45626,True
-96537,True
-250652,True
-16978,True
-196913,True
-135404,True
-193068,True
-225802,True
-222346,True
-80997,True
94,False
-123974,True
-26038,True
-175876,True
93,False
-229882,True
-3959,True
-106963,True
-215856,True
-133612,True
-242563,True
-138410,True
-170630,True
92,False
-30851,True
-98080,True
-94368,True
-85045,True
-151669,True
-111054,True
-42597,True
91,False
-241250,True
-159424,True
-256926,True
-126621,True
-202234,True
-116697,True
-99672,True
-209193,True
-93041,True
-159248,True
-32489,True
-200232,True
90,False
-229380,True
-78962,True
-234349,True
-230477,True
89,False
-187431,True
-101759,True
-154617,True
-117364,True
-189713,True
-196975,True
-10798,True
88,False
-94596,True
-222886,True
-4429,True
-186732,True
-55211,True
87,False
-199014,True
-126436,True
-68829,True
-106940,True
-185850,True
-105785,True
-81336,True
-162677,True
-146124,True
86,False
-178570,True
-194150,True
-111973,True
-74853,True
-259676,True
-229336,True
-214388,True
-261808,True
-158158,True
-251470,True
-35916,True
85,False
-123621,True
-246082,True
-114815,True
-124414,True
-140670,True
-225658,True
-171864,True
-142103,True
-61673,True
84,False
-238505,True
-218697,True
-57159,True
-135910,True
-34492,True
-180122,True
-129145,True
-188694,True
-22900,True
-242767,True
-84942,True
83,False
-55791,True
-232515,True
-126432,True
-240670,True
-248310,True
-21748,True
-139185,True
82,False
-122852,True
-99683,True
-83170,True
-34977,True
-165759,True
-158651,True
-63994,True
81,False
-66692,True
-29112,True
-8852,True
-152051,True
80,False
-252336,True
-172200,True
-236675,True
-183522,True
-70355,True
79,False
-54478,True
-151950,True
-71305,True
-1126,True
-167614,True
-258202,True
-65206,True
-212595,True
78,False
-85260,True
-16554,True
-154054,True
-150400,True
-67260,True
-51802,True
-3635,True
-174259,True
77,False
-128715,True
-137443,True
-95905,True
-24668,True
-114362,True
-256825,True
76,False
-220049,True
-159408,True
-122126,True
-57198,True
-218920,True
-9381,True
-249061,True
-67740,True
-95578,True
75,False
-111187,True
-123846,True
-199493,True
-31844,True
-183617,True
-51998,True
-17564,True
-132857,True
74,False
-221205,True
-39022,True
-45854,True
-262105,True
73,False
-43347,True
-105010,True
-82128,True
72,False
-216705,True
-66789,True
-218337,True
-41722,True
-54841,True
-60920,True
71,False
-94768,True
-71919,True
-120970,True
-180487,True
-261535,True
-130014,True
70,False
-179382,True
-153937,True
-250760,True
-227847,True
69,False
-179865,True
-117812,True
-232269,True
-15372,True
-218059,True
-85450,True
-214888,True
-256390,True
-3941,True
-12193,True
68,False
-83579,True
-147993,True
-139269,True
-27702,True
-224659,True
-121610,True
-179493,True
-38590,True
67,False
-167004,True
-13210,True
-131800,True
-185526,True
-68917,True
-234772,True
-69653,True
-198287,True
-208111,True
-210120,True
-223911,True
-246852,True
66,False
-184343,True
-53527,True
-168879,True
-134124,True
-65541,True
-48484,True
-257569,True
65,False
-120606,True
-96336,True
-103566,True
-6188,True
64,False
-184670,True
-157595,True
-134393,True
-51603,True
-104703,True
-53087,True
-190429,True
-41331,True
-201395,True
-72495,True
-110476,True
-47331,True
63,False
-149250,True
-60852,True
-70260,True
-28496,True
-214797,True
-54890,True
62,False
-242055,True
-130146,True
-152543,True
-119675,True
-129273,True
-45687,True
-127765,True
-20722,True
-207024,True
-216717,True
-40969,True
-12139,True
-80362,True
-14793,True
-170058,True
-36074,True
-16742,True
-79748,True
61,False
-135809,True
-4484,True
-98500,True
-22968,True
-79413,True
-221939,True
-243474,True
-112465,True
-129362,True
-182282,True
-165766,True
60,False
-184866,True
-206049,True
-36251,True
-182646,True
-212534,True
-86031,True
59,False
-154244,True
-192067,True
-31586,True
-152582,True
-181656,True
-109046,True
-128629,True
-72404,True
-9712,True
-102032,True
-86829,True
58,False
-235621,True
-26838,True
-114927,True
-35528,True
57,False
-39202,True
-137949,True
-246555,True
-241846,True
-86514,True
-155441,True
-108402,True
-186921,True
56,False
-56103,True
-258399,True
-107390,True
-252029,True
-171453,True
-112878,True
55,False
-103683,True
-261084,True
-15188,True
-215409,True
-118448,True
-196876,True
54,False
-81930,True
-165544,True
-241506,True
-109684,True
-257489,True
-82851,True
53,False
-92105,True
-81449,True
-187075,True
-187999,True
-175861,True
52,False
-42823,True
-14918,True
-177507,True
-229756,True
-165307,True
-21817,True
-96792,True
51,False
-245255,True
-240450,True
-121793,True
-230490,True
-196466,True
-153361,True
50,False
-186957,True
-21450,True
-250565,True
-7328,True
-143933,True
-18365,True
-175363,True
-201521,True
-112912,True
49,False
-149230,True
-215723,True
-78057,True
-111651,True
-161752,True
-133585,True
48,False
-144940,True
-173643,True
-259396,True
-219106,True
-221660,True
-70971,True
-129752,True
-171992,True
47,False
-250128,True
-144623,True
-119949,True
-231692,True
-253640,True
-261671,True
-57956,True
-251171,True
-14974,True
-2142,True
-136636,True
-229594,True
-25878,True
-237769,True
46,False
-221426,True
-241133,True
-215881,True
-77474,True
-260833,True
-117790,True
-55998,True
-237846,True
45,False
-167185,True
-191693,True
-226887,True
-16894,True
-250460,True
-165270,True
-8084,True
44,False
-199118,True
-213611,True
-59583,True
-218008,True
43,False
-80469,True
-145843,True
-226386,True
-1042,True
-115877,True
-120451,True
-114275,True
-242878,True
-9788,True
-172151,True
42,False
-145008,True
-223024,True
-180780,True
-54472,True
-39204,True
-229340,True
-95003,True
-19481,True
41,False
-68046,True
-1731,True
-183897,True
40,False
-228629,True
-126639,True
-121741,True
-117512,True
-260290,True
-64640,True
39,False
-218072,True
-137431,True
-222992,True
-166988,True
-77864,True
-170663,True
-207974,True
-203042,True
-241599,True
-197288,True
-242778,True
38,False
-106104,True
-80887,True
-53196,True
-161100,True
-180938,True
-115660,True
-221512,True
-181895,True
-139360,True
37,False
-249178,True
-174713,True
-103095,True
-58293,True
-4053,True
-73968,True
-66413,True
-73254,True
-218435,True
-27733,True
36,False
-16827,True
35,False
-95001,True
-234681,True
-192663,True
-138447,True
-154062,True
-87488,True
34,False
-205598,True
-123065,True
-206359,True
-177031,True
33,False
-45757,True
-131995,True
-65402,True
-41466,True
-28983,True
-13683,True
-210575,True
32,False
-140728,True
-32755,True
-17348,True
-49939,True
-121327,True
-115918,True
-29674,True
-84097,True
-163141,True
-148900,True
-162755,True
-138273,True
-151738,True
-223737,True
-38020,True
-150628,True
-27157,True
-77011,True
-164467,True
-79249,True
-36973,True
-152038,True
-201801,True
-39078,True
-195524,True
31,False
-91104,True
-149115,True
-257882,True
-35417,True
-51353,True
-208591,True
-201326,True
-236264,True
30,False
-84065,True
-194431,True
-46718,True
-148919,True
-226455,True
-53846,True
-254699,True
-101129,True
-231271,True
29,False
-24093,True
-182520,True
-207511,True
-79382,True
-85006,True
-227530,True
-66440,True
-99201,True
28,False
-107458,True
-121761,True
-230462,True
-186169,True
-91225,True
-246800,True
-80911,True
-205899,True
27,False
-205157,True
-213984,True
-23519,True
-195230,True
-245406,True
-93276,True
-45205,True
-3660,True
-17706,True
26,False
-6200,True
-181811,True
-242161,True
-145165,True
25,False
-169886,True
-173498,True
-154101,True
-147859,True
-234864,True
-189072,True
-216750,True
-19852,True
-116650,True
24,False
-106055,True
-151429,True
-26298,True
-146106,True
-191053,True
23,False
-40422,True
-66784,True
-253600,True
-13147,True
-208018,True
22,False
-92515,True
-144317,True
-79131,True
-134555,True
-168889,True
-58004,True
21,False
-130474,True
-130793,True
-106779,True
-187707,True
-92409,True
-142070,True
-169616,True
-225615,True
20,False
-119271,True
-206624,True
-153503,True
-181726,True
-56835,True
-124764,True
-199963,True
-93379,True
-151508,True
-194389,True
-256465,True
19,False
-237707,True
-46472,True
-194536,True
-54307,True
-61793,True
-188031,True
-57912,True
-207860,True
-215891,True
-101761,True
18,False
-213932,True
-72139,True
-63528,True
-51814,True
-196770,True
-192577,True
-129373,True
-34648,True
-131192,True
-224468,True
-63026,True
-8306,True
17,False
-23885,True
-59148,True
-146539,True
-146888,True
-208387,True
-42464,True
-18682,True
-202356,True
16,False
-202958,True
-114957,True
-253550,True
-130087,True
-201766,True
-38179,True
-168481,True
-243330,True
-244540,True
-45305,True
-17589,True
15,False
-88750,True
-27394,True
-255809,True
-186492,True
-67206,True
14,False
-134218,True
-9126,True
-173185,True
-111774,True
-141031,True
13,False
-121260,True
-74340,True
-22599,True
-178020,True
-249666,True
-96251,True
12,False
-213332,True
-203089,True
-72366,True
-92715,True
-131051,True
-233445,True
11,False
-176522,True
-14278,True
-220260,True
-249411,True
-55071,True
-90237,True
10,False
-17458,True
-254032,True
-35723,True
-42570,True
-222021,True
-20316,True
-183032,True
9,False
-211605,True
-189171,True
-55432,True
-177644,True
-25992,True
-141442,True
-194145,True
-195168,True
-127290,True
-3193,True
8,False
-103188,True
-226512,True
-135214,True
-19527,True
-117669,True
7,False
-13298,True
-64431,True
-13007,True
-100367,True
-246884,True
-46115,True
6,False
-31385,True
-148820,True
-255086,True
-4037,True
-38721,True
5,False
-192215,True
-4370,True
-14471,True
-125358,True
-204876,True
-234281,True
-145031,True
-82468,True
-131233,True
-97055,True
4,False
-231970,True
-72162,True
-14101,True
-31121,True
-223084,True
-169032,True
-200103,True
-114759,True
-214754,True
3,False
-37846,True
-153494,True
-231220,True
-129269,True
-201934,True
-98156,True
-115916,True
-124106,True
-223753,True
-32679,True
-45440,True
2,False
-69723,True
-83159,True
-140437,True
-206836,True
-107571,True
-44978,True
-199185,True
-214083,True
-227233,True
-138752,True
1,False
-124256,True
-202684,True
-119192,True
-31799,True
-120182,True
-168662,True
-25423,True
-108138,True
-241703,True
-1,True
-2,True
-3,True
-4,True
-5,True
-6,True
-7,True
-8,True
-9,True
-10,True
-11,True
-12,True
-13,True
-14,True
-15,True
-16,True
-17,True
-18,True
-19,True
-20,True
-21,True
-22,True
-23,True
-24,True
-25,True
-26,True
-27,True
-28,True
-29,True
-30,True
-31,True
-32,True
-33,True
-34,True
-35,True
-36,True
-37,True
-38,True
-39,True
-40,True
-41,True
-42,True
-43,True
-44,True
-45,True
-46,True
-47,True
-48,True
-49,True
-50,True
-51,True
-52,True
-53,True
-54,True
-55,True
-56,True
-57,True
-58,True
-59,True
-60,True
-61,True
-62,True
-63,True
-64,True
-65,True
-66,True
-67,True
-68,True
-69,True
-70,True
-71,True
-72,True
-73,True
-74,True
-75,True
-76,True
-77,True
-78,True
-79,True
-80,True
-81,True
-82,True
-83,True
-84,True
-85,True
-86,True
-87,True
-88,True
-89,True
-90,True
-91,True
-92,True
-93,True
-94,True
-95,True
-96,True
-97,True
-98,True
-99,True
-100,True
-101,True
-102,True
-103,True
-104,True
-105,True
-106,True
-107,True
-108,True
-109,True
-110,True
-111,True
-112,True
-113,True
-114,True
-115,True
-116,True
-117,True
-118,True
-119,True
-120,True
-121,True
-122,True
-123,True
-124,True
-125,True
-126,True
-127,True
-128,True
-129,True
-130,True
-131,True
-132,True
-133,True
-134,True
-135,True
-136,True
-137,True
-138,True
-139,True
-140,True
-141,True
-142,True
-143,True
-144,True
-145,True
-146,True
-147,True
-148,True
-149,True
-150,True
-151,True
-152,True
-153,True
-154,True
-155,True
-156,True
-157,True
-158,True
-159,True
-160,True
-161,True
-162,True
-163,True
-164,True
-165,True
-166,True
-167,True
-168,True
-169,True
-170,True
-171,True
-172,True
-173,True
-174,True
-175,True
-176,True
-177,True
-178,True
-179,True
-180,True
-181,True
-182,True
-183,True
-184,True
-185,True
-186,True
-187,True
-188,True
-189,True
-190,True
-191,True
-192,True
-193,True
-194,True
-195,True
-196,True
-197,True
-198,True
-199,True
-200,True
-201,True
-202,True
-203,True
-204,True
-205,True
-206,True
-207,True
-208,True
-209,True
-210,True
-211,True
-212,True
-213,True
-214,True
-215,True
-216,True
-217,True
-218,True
-219,True
-220,True
-221,True
-222,True
-223,True
-224,True
-225,True
-226,True
-227,True
-228,True
-229,True
-230,True
-231,True
-232,True
-233,True
-234,True
-235,True
-236,True
-237,True
-238,True
-239,True
-240,True
-241,True
-242,True
-243,True
-244,True
-245,True
-246,True
-247,True
-248,True
-249,True
-250,True
-251,True
-252,True
-253,True
-254,True
-255,True
-256,True
